"bidx","fidx","name","bytes","mime","title"
"10","142","Цифровые инструменты для повышения эффективности.pdf","2962504","application/pdf","Digital Tools for Work Efficiency / Цифровые инструменты для повышения эффективности"
"10","212","Digital Tools for Work Efficiency.pdf","2942782","application/pdf","Digital Tools for Work Efficiency / Цифровые инструменты для повышения эффективности"
"11","143","Навыки работы с данными в Excel и Google Таблицах.pdf","6212259","application/pdf","Data Skills with Excel & Google Sheets / Навыки работы с данными в Excel и Google Таблицах"
"11","213","Data Skills with Excel & Google Sheets.pdf","962356","application/pdf","Data Skills with Excel & Google Sheets / Навыки работы с данными в Excel и Google Таблицах"
"12","144","JASP для анализа данных.pdf","6121007","application/pdf","JASP for Data Analysis / JASP для анализа данных"
"12","214","JASP for Data Analysis.pdf","6134498","application/pdf","JASP for Data Analysis / JASP для анализа данных"
"13","145","Ускоренная программа RN-BSN и обзор учебного плана.pdf","226428","application/pdf","Accelerated RN-BSN & Program Review / Ускоренная программа RN-BSN и обзор учебного плана"
"13","215","Accelerated RN-BSN & Program Review.pdf","226442","application/pdf","Accelerated RN-BSN & Program Review / Ускоренная программа RN-BSN и обзор учебного плана"
"14","146","Реализация BSN и оценка качества.pdf","265075","application/pdf","BSN Implementation and Quality Assessment / Реализация BSN и оценка качества"
"14","216","BSN Implementation and Quality Assessment.pdf","204151","application/pdf","BSN Implementation and Quality Assessment / Реализация BSN и оценка качества"
"15","147","Bridging Nursing Research and Policy-Связь исследований в сестринском и акушерском деле с политикой.","1072787","application/pdf","Bridging Nursing Research and Policy / Связь исследований в сестринском и акушерском деле с политико"
"15","217","Bridging Nursing Research and Policy-Связь исследований в сестринском и акушерском деле с политикой.","1072787","application/pdf","Bridging Nursing Research and Policy / Связь исследований в сестринском и акушерском деле с политико"
"16","148","Supporting Nurse Researchers A Case Study-Поддержка медсестер-исследователей_тематическое исследован","1056207","application/pdf","Supporting Nurse Researchers: A Case Study / Поддержка медсестер-исследователей_тематическое исследо"
"16","218","Supporting Nurse Researchers A Case Study-Поддержка медсестер-исследователей_тематическое исследован","1056207","application/pdf","Supporting Nurse Researchers: A Case Study / Поддержка медсестер-исследователей_тематическое исследо"
"17","149","Research Skills in Kyrgyz Healthcare-Научные навыки в здравоохранении КР.pdf","618316","application/pdf","Research Skills in Kyrgyz Healthcare / Научные навыки в здравоохранении КР"
"17","219","Research Skills in Kyrgyz Healthcare-Научные навыки в здравоохранении КР.pdf","618316","application/pdf","Research Skills in Kyrgyz Healthcare / Научные навыки в здравоохранении КР"
"18","150","Diabetes Care Innovation Through Research-Инновации в лечении диабета через исследования.pdf","175188","application/pdf","Diabetes Care Innovation Through Research / Инновации в лечении диабета через исследования"
"18","220","Diabetes Care Innovation Through Research-Инновации в лечении диабета через исследования.pdf","175188","application/pdf","Diabetes Care Innovation Through Research / Инновации в лечении диабета через исследования"
"19","151","Emergency Department-Отделение неотложной помощи.pdf","244368","application/pdf","Emergency Department / Отделение неотложной помощи"
"19","221","Emergency Department-Отделение неотложной помощи.pdf","244368","application/pdf","Emergency Department / Отделение неотложной помощи"
"2","133","Nursing Competencies and Needs-Компетенции и потребности в сестринском деле.pdf","378089","application/pdf","Nursing Competencies and Needs / Компетенции и потребности в сестринском деле"
"2","208","Nursing Competencies and Needs-Компетенции и потребности в сестринском деле.pdf","378089","application/pdf","Nursing Competencies and Needs / Компетенции и потребности в сестринском деле"
"20","152","Leadership in Nursing Research-Лидерство в сестринских исследованиях.pdf","449147","application/pdf","Leadership in Nursing Research / Лидерство в сестринских исследованиях"
"20","222","Leadership in Nursing Research-Лидерство в сестринских исследованиях.pdf","449147","application/pdf","Leadership in Nursing Research / Лидерство в сестринских исследованиях"
"21","153","Participant Expectations & Aspirations-Ожидания и стремления участников.pdf","206312","application/pdf","Participant Expectations & Aspirations-Ожидания и стремления участников"
"21","223","Participant Expectations & Aspirations-Ожидания и стремления участников.pdf","206312","application/pdf","Participant Expectations & Aspirations-Ожидания и стремления участников"
"22","154","Hospital Care Research-Исследования стационарной медицинской помощи.pdf","173902","application/pdf","Hospital Care Research-Исследования стационарной медицинской помощи"
"22","224","Hospital Care Research-Исследования стационарной медицинской помощи.pdf","173902","application/pdf","Hospital Care Research-Исследования стационарной медицинской помощи"
"23","155","Nurses in Population Health-Роль медсестер в охране здоровья населения.pdf","3650597","application/pdf","Nurses in Population Health-Роль медсестер в охране здоровья населения"
"23","225","Nurses in Population Health-Роль медсестер в охране здоровья населения.pdf","3650597","application/pdf","Nurses in Population Health-Роль медсестер в охране здоровья населения"
"24","156","Innovation in Nursing Science-Инновации в науке о сестринском деле.pdf","2710001","application/pdf","Innovation in Nursing Science-Инновации в науке о сестринском деле"
"24","226","Innovation in Nursing Science-Инновации в науке о сестринском деле.pdf","2710001","application/pdf","Innovation in Nursing Science-Инновации в науке о сестринском деле"
"25","227","Master’s Program in Nursing at KSMA.pdf","347612","application/pdf","Master’s Program in Nursing at KSMA-Магистратура по сестринскому делу в КГМА"
"26","158","Квалификации медсестер в системе здравоохранения Кыргызстана.pdf","307055","application/pdf","Healthcare Qualifications for Nurses in Kyrgyzstan - Квалификации медсестер в системе здравоохранени"
"26","228","Healthcare Qualifications for Nurses in Kyrgyzstan.pdf","314129","application/pdf","Healthcare Qualifications for Nurses in Kyrgyzstan - Квалификации медсестер в системе здравоохранени"
"27","159","Профстандарт медсестры_ уровни 6 и 7.pdf","110782","application/pdf","Professional Standard for Registered Nurse: Levels 6 & 7-Профстандарт медсестры_ уровни 6 и 7"
"27","229","Professional Standard for Registered Nurse_Levels 6 & 7.pdf","113308","application/pdf","Professional Standard for Registered Nurse: Levels 6 & 7-Профстандарт медсестры_ уровни 6 и 7"
"28","160","Магистратура по сестринскому делу.pdf","108518","application/pdf","Master’s Program in Nursing at KSMA-Магистратура по сестринскому делу"
"28","230","Master’s Program in Nursing at KSMA.pdf","347612","application/pdf","Master’s Program in Nursing at KSMA-Магистратура по сестринскому делу"
"29","161","Докторантура по сестринскому делу_ структура и направления.pdf","217787","application/pdf","PhD in Nursing: fr<x>amework & Pathways-Докторантура по сестринскому делу_ структура и направления"
"29","231","PhD in Nursing_Framework & Pathways.pdf","238479","application/pdf","PhD in Nursing: fr<x>amework & Pathways-Докторантура по сестринскому делу_ структура и направления"
"3","135","Отчет о программе бакалавриата по сестринскому делу.pdf","1656410","application/pdf","Nursing Bachelor's Program Report/Отчет о программе бакалавриата по сестринскому делу"
"30","162","Primary Care Research-Исследования в первичной медико-санитарной помощи.pdf","1131567","application/pdf","Primary Care Research-Исследования в первичной медико-санитарной помощи"
"30","232","Primary Care Research-Исследования в первичной медико-санитарной помощи.pdf","1131567","application/pdf","Primary Care Research-Исследования в первичной медико-санитарной помощи"
"31","163","Rehabilitation Research-Исследования в области реабилитации.pdf","526561","application/pdf","Rehabilitation Research-Исследования в области реабилитации"
"31","233","Rehabilitation Research-Исследования в области реабилитации.pdf","526561","application/pdf","Rehabilitation Research-Исследования в области реабилитации"
"32","164","Professional Development and Nursing Research between Kyrgyzstan and Korea-Профессиональное развитие","5458684","application/pdf","Professional Development and Nursing Research between Kyrgyzstan and Korea-Профессиональное развитие"
"32","234","Professional Development and Nursing Research between Kyrgyzstan and Korea-Профессиональное развитие","5458684","application/pdf","Professional Development and Nursing Research between Kyrgyzstan and Korea-Профессиональное развитие"
"33","165","The Value of Nursing Science-Значение науки о сестринском деле.pdf","1082603","application/pdf","The Value of Nursing Science-Значение науки о сестринском деле"
"33","235","The Value of Nursing Science-Значение науки о сестринском деле.pdf","1082603","application/pdf","The Value of Nursing Science-Значение науки о сестринском деле"
"34","166","Разработка рабочей тетради по клинической практике.pdf","128380","application/pdf","Clinical Practicum Workbook Development-Разработка рабочей тетради по клинической практике"
"34","236","Clinical Practicum Workbook Development.pdf","135695","application/pdf","Clinical Practicum Workbook Development-Разработка рабочей тетради по клинической практике"
"35","167","Fundamentals of Nursing-Основы сестринского дела.pdf","145531","application/pdf","Fundamentals of Nursing-Основы сестринского дела"
"36","168","First Aid-Первая помощь.pdf","255260","application/pdf","First Aid-Первая помощь"
"37","169","Basic Nursing Care-Базовый уход.pdf","220261","application/pdf","Basic Nursing Care-Базовый уход"
"38","170","Surgical Diseases-Хирургические болезни.pdf","590548","application/pdf","Surgical Diseases-Хирургические болезни"
"39","171","Medical Nursing-Сестринское дело в терапии.pdf","932563","application/pdf","Medical Nursing-Сестринское дело в терапии"
"40","172","Surgical Nursing-Сестринское дело в хирургии.pdf","241597","application/pdf","Surgical Nursing-Сестринское дело в хирургии"
"41","173","Faculty and Student Feedback-Мнение ППС и студентов.pdf","445443","application/pdf","Faculty and Student Feedback-Мнение ППС и студентов"
"42","174","Health Assessment-Оценка состояния здоровья.pdf","469497","application/pdf","Health Assessment - Оценка состояния здоровья"
"43","175","Monitoring Educational Reforms-Мониторинг образовательных реформ.pdf","1574634","application/pdf","Monitoring Educational Reforms-Мониторинг образовательных реформ"
"44","176","Curriculum Structure Analysis-Анализ структуры учебных программ.pdf","5312280","application/pdf","Curriculum Structure Analysis-Анализ структуры учебных программ"
"45","177","Resource Utilization in the Curriculum-Использование ресурсов в учебном процессе.pdf","1521406","application/pdf","Resource Utilization in the Curriculum-Использование ресурсов в учебном процессе"
"46","178","Инновационные методы в симуляционном обучении медсестер.pdf","1250675","application/pdf","Innovative Methods in Simulation Nursing Education-Инновационные методы в симуляционном обучении мед"
"46","237","Innovative Methods in Simulation Nursing Education.pdf","1090974","application/pdf","Innovative Methods in Simulation Nursing Education-Инновационные методы в симуляционном обучении мед"
"47","179","Вклад медсестер в зависимости от опыта.pdf","141255","application/pdf","Contributions of Nurses by Experience Level-Вклад медсестер в зависимости от опыта"
"47","238","Contributions of Nurses by Experience Level.pdf","154547","application/pdf","Contributions of Nurses by Experience Level-Вклад медсестер в зависимости от опыта"
"48","180","Путь клинической зарегистрированной медсестры.pdf","209294","application/pdf","Journey of a Clinical Registered Nurse-Путь клинической зарегистрированной медсестры"
"48","239","Journey of a Clinical Registered Nurse.pdf","190618","application/pdf","Journey of a Clinical Registered Nurse-Путь клинической зарегистрированной медсестры"
"49","181","Аккредитация сестринского образования в Кыргызстане.pdf","1210364","application/pdf","Nursing Education Accreditation in Kyrgyzstan-Аккредитация сестринского образования в Кыргызстане"
"49","240","Nursing Education Accreditation in Kyrgyzstan.pdf","1285562","application/pdf","Nursing Education Accreditation in Kyrgyzstan-Аккредитация сестринского образования в Кыргызстане"
"5","137","Nurse Education and Continuous Development-Образование и непрерывное развитие медсестер.pdf","228562","application/pdf","Nurse Education and Continuous Development / Образование и непрерывное развитие медсестер"
"50","182","Лицензирование медсестер и госэкзамен в Корее.pdf","490572","application/pdf","Nurse Licensing and National Exam in Korea-Лицензирование медсестер и госэкзамен в Корее"
"50","241","Nurse Licensing and National Exam in Korea.pdf","812603","application/pdf","Nurse Licensing and National Exam in Korea-Лицензирование медсестер и госэкзамен в Корее"
"51","183","Карьерная лестница и роли медсестер.pdf","5493859","application/pdf","Clinical Ladder and Nurse Roles-Карьерная лестница и роли медсестер"
"51","242","Clinical Ladder and Nurse Roles.pdf","5530950","application/pdf","Clinical Ladder and Nurse Roles-Карьерная лестница и роли медсестер"
"52","184","Путь медсестры клинической практики.pdf","143800","application/pdf","Journey of a Clinical Practice Nurse - Путь медсестры клинической практики"
"52","243","Journey of a Clinical Practice Nurse.pdf","148130","application/pdf","Journey of a Clinical Practice Nurse - Путь медсестры клинической практики"
"53","185","Лицензирование и регистрация медсестер в Кыргызстане.pdf","559401","application/pdf","Nurse Licensing and Registration in Kyrgyzstan - Лицензирование и регистрация медсестер в Кыргызстан"
"53","244","Nurse Licensing and Registration in Kyrgyzstan.pdf","461743","application/pdf","Nurse Licensing and Registration in Kyrgyzstan - Лицензирование и регистрация медсестер в Кыргызстан"
"54","186","Аккредитация сестринского образования в Корее.pdf","256285","application/pdf","Nursing Education Accreditation in Korea - Аккредитация сестринского образования в Корее"
"54","245","Nursing Education Accreditation in Korea.pdf","315496","application/pdf","Nursing Education Accreditation in Korea - Аккредитация сестринского образования в Корее"
"55","187","Инновации в образовании и практике медсестер в Корее.pdf","320932","application/pdf","Nursing Education and Practice Innovation in Korea - Инновации в образовании и практике медсестер в"
"55","246","Nursing Education and Practice Innovation in Korea.pdf","315756","application/pdf","Nursing Education and Practice Innovation in Korea - Инновации в образовании и практике медсестер в"
"56","188","Состояние разработки учебного плана BSN.pdf","4962353","application/pdf","BSN Curriculum Development Status - Состояние разработки учебного плана BSN"
"56","247","BSN Curriculum Development Status.pdf","1030809","application/pdf","BSN Curriculum Development Status - Состояние разработки учебного плана BSN"
"57","189","Состояние и использование учебников по сестринскому делу.pdf","292559","application/pdf","Nursing Textbook Status and Practice - Состояние и использование учебников по сестринскому делу"
"57","248","Nursing Textbook Status and Practice.pdf","1088483","application/pdf","Nursing Textbook Status and Practice - Состояние и использование учебников по сестринскому делу"
"58","191","Клинические навыки и преподавание в сестринском деле в Кыргызстане.pdf","943809","application/pdf","Clinical Nursing Skills and Teaching in Kyrgyzstan - Клинические навыки и преподавание в сестринском"
"58","249","Clinical Nursing Skills and Teaching in Kyrgyzstan.pdf","953959","application/pdf","Clinical Nursing Skills and Teaching in Kyrgyzstan - Клинические навыки и преподавание в сестринском"
"59","192","Мировые тенденции в клинических навыках медсестер.pdf","5928668","application/pdf","Global Trends in Clinical Nursing Skills - Мировые тенденции в клинических навыках медсестер"
"59","250","Global Trends in Clinical Nursing Skills.pdf","5000679","application/pdf","Global Trends in Clinical Nursing Skills - Мировые тенденции в клинических навыках медсестер"
"6","138","Поддержка ВОЗ сестринского дела в Кыргызстане.pdf","1123515","application/pdf","WHO Support for Nursing in Kyrgyzstan / Поддержка ВОЗ сестринского дела в Кыргызстане"
"6","209","WHO Support for Nursing in Kyrgyzstan.pdf","1317376","application/pdf","WHO Support for Nursing in Kyrgyzstan / Поддержка ВОЗ сестринского дела в Кыргызстане"
"60","193","Развитие магистратуры по сестринскому делу в КГМА.pdf","664264","application/pdf","Master’s Program Development in Nursing at KSMA - Развитие магистратуры по сестринскому делу в КГМА"
"60","251","Master’s Program Development in Nursing at KSMA.pdf","501314","application/pdf","Master’s Program Development in Nursing at KSMA - Развитие магистратуры по сестринскому делу в КГМА"
"61","194","Мировые тенденции в магистратуре по сестринскому делу.pdf","392341","application/pdf","Global Trends in Master’s Nursing Education -Мировые тенденции в магистратуре по сестринскому делу"
"61","252","Global Trends in Master’s Nursing Education.pdf","199771","application/pdf","Global Trends in Master’s Nursing Education -Мировые тенденции в магистратуре по сестринскому делу"
"62","195","Разработка и внедрение OSCE.pdf","366250","application/pdf","OSCE Development and Implementation - Разработка и внедрение OSCE"
"62","253","OSCE Development and Implementation.pdf","998713","application/pdf","OSCE Development and Implementation - Разработка и внедрение OSCE"
"63","196","Этика исследований и подготовка IRB.pdf","227972","application/pdf","IRB Writing and Research Ethics - Этика исследований и подготовка IRB"
"63","254","IRB Writing and Research Ethics.pdf","226816","application/pdf","IRB Writing and Research Ethics - Этика исследований и подготовка IRB"
"64","197","Оценка управления ресурсами и инфраструктурой.pdf","9762020","application/pdf","Facility and Resource Management Evaluation - Оценка управления ресурсами и инфраструктурой"
"64","255","Facility and Resource Management Evaluation.pdf","9823214","application/pdf","Facility and Resource Management Evaluation - Оценка управления ресурсами и инфраструктурой"
"65","198","Building Leadership in Global Health.pdf","9690001","application/pdf","Building Leadership in Global Health - Формирование лидерства в области глобального здравоохранения"
"65","256","Building Leadership in Global Health.pdf","9690001","application/pdf","Building Leadership in Global Health - Формирование лидерства в области глобального здравоохранения"
"66","199","ICT in Healthcare Education.pdf","8645154","application/pdf","ICT in Healthcare Education - ИКТ в медицинском образовании"
"66","257","ICT in Healthcare Education.pdf","8645154","application/pdf","ICT in Healthcare Education - ИКТ в медицинском образовании"
"67","200","Course Planning Workbook-Рабочая тетрадь по планированию курса.pdf","258421","application/pdf","Course Planning Workbook - Рабочая тетрадь по планированию курса"
"68","201","Сестринское образование в Кыргызстане (2021).pdf","1339647","application/pdf","Nursing Education in Kyrgyzstan (2021) - Сестринское образование в Кыргызстане (2021)"
"68","258","Nursing Education in Kyrgyzstan (2021).pdf","1356833","application/pdf","Nursing Education in Kyrgyzstan (2021) - Сестринское образование в Кыргызстане (2021)"
"69","202","Реформы сестринского образования в Кыргызстане (2021).pdf","6517295","application/pdf","Nursing Education Reforms in Kyrgyzstan (2021) - Реформы сестринского образования в Кыргызстане (202"
"69","259","Nursing Education Reforms in Kyrgyzstan (2021).pdf","6804888","application/pdf","Nursing Education Reforms in Kyrgyzstan (2021) - Реформы сестринского образования в Кыргызстане (202"
"7","139","Преодоление стереотипов в сестринском деле.pdf","401140","application/pdf","Overcoming Stereotypes in Nursing / Преодоление стереотипов в сестринском деле"
"7","210","Overcoming Stereotypes in Nursing.pdf","370393","application/pdf","Overcoming Stereotypes in Nursing / Преодоление стереотипов в сестринском деле"
"70","203","Учебный план по сестринскому делу в Корее (2019).pdf","694895","application/pdf","Nursing Curriculum in Korea (2019) - Учебный план по сестринскому делу в Корее (2019)"
"70","260","Nursing Curriculum in Korea (2019).pdf","840057","application/pdf","Nursing Curriculum in Korea (2019) - Учебный план по сестринскому делу в Корее (2019)"
"71","204","Коммуникация и сотрудничество.pdf","150842","application/pdf","Communication & Cooperation - Коммуникация и сотрудничество"
"71","261","Communication & Cooperation.pdf","156784","application/pdf","Communication & Cooperation - Коммуникация и сотрудничество"
"74","205","Effective Strategies for Utilizing Simulation_RUS.pptx","271858","application/vnd.openxmlformats-officedocument.presentationml.presentation","Эффективные стратегии использования симуляции/Effective Strategies for Utilizing Simulation"
"74","262","Effective Strategies for Utilizing Simulation.pptx","266903","application/vnd.openxmlformats-officedocument.presentationml.presentation","Эффективные стратегии использования симуляции/Effective Strategies for Utilizing Simulation"
"75","206","Concept Development_RUS.pptx","7481266","application/vnd.openxmlformats-officedocument.presentationml.presentation","Концепция сестринского дела/Nursing Concept Development"
"75","263","Concept Development.pptx","7129625","application/vnd.openxmlformats-officedocument.presentationml.presentation","Концепция сестринского дела/Nursing Concept Development"
"78","266","BK_Science Day .pdf","127226730","application/pdf","Презентация ко Дню науки / Science Day Presentation"
"79","267","FDP_Nov all_RUS.pdf","5974668","application/pdf","Программа повышения квалификации преподавателей на ноябрь 2025 года / November 2025 Faculty Developm"
"8","140","Инновации для имиджа медсестер.pdf","2972221","application/pdf","Innovation for Nursing Image / Инновации для имиджа медсестер"
"8","211","Innovation for Nursing Image.pdf","3071176","application/pdf","Innovation for Nursing Image / Инновации для имиджа медсестер"
"80","272","JASP_HK_0515_RU Final.pptx","17264680","application/vnd.openxmlformats-officedocument.presentationml.presentation","FDP(1) ИКТ-компетентность – программа JASP"
"80","273","JASP file.csv","2147","text/csv","FDP(1) ИКТ-компетентность – программа JASP"
"81","274","1. Begimai_Simulation training in geriatrics_RUS.pptx","1776425","application/vnd.openxmlformats-officedocument.presentationml.presentation","Доклад 1. Симуляционное обучение в гериатрии"
"82","275","2.1. Altynai_Management of Gastrointestinal Bleeding_revision_RUS.pptx","12486270","application/vnd.openxmlformats-officedocument.presentationml.presentation","Доклад 2. Ведение пациентов с желудочно-кишечным кровотечением"
"83","276","3. Sarvinoz_Trauma kit_RUS.pptx","1441330","application/vnd.openxmlformats-officedocument.presentationml.presentation","Предложение 3. Набор для оказания помощи при травмах"
"84","277","4.1. Akylbek_Case based learning_revision_RUS.pptx","138807","application/vnd.openxmlformats-officedocument.presentationml.presentation","Презентация 1. Обучение на основе клинических случаев (CBL), симуляционное обучение и управленческая"
"85","278","5. Ainura_Simulation phantom_RUS.pdf","32098500","application/pdf","Презентация 2. Симуляционная практика с использованием фантома (манекена) для развития безопасных пр"
"86","279","6.1. Borubaeva Aizada_Intgerated CBL_RUS.pptx.pdf","4565622","application/pdf","Интегрированное кейс-ориентированное обучение  с элементами междисциплинарной интеграции"
"87","280","1. Almaz Zhusupbekovich_AVN system_RUS.pptx.pdf","197488","application/pdf","Разработка многофункциональной онлайн-платформы для систематической оценки образовательного процесса"
"88","281","★ 2.1 Sultashev A.Zh._Training nurses to improve the quality of counseling patients with diabetes me","980318","application/pdf","Обучение медсестер особенностям питания при сахарном диабете"
"89","282","★1. Aizat_Report 1. Assessment of the scientific competence of nurses_RUS.pdf","1278087","application/pdf","Барьеры и стимулы использования научной компетентности специалистов сестринского дела в Кыргызской Р"
"9","141","Командная работа.pdf","714275","application/pdf","Teamwork / Командная работа"
"9","207","Teamwork.pdf","698303","application/pdf","Teamwork / Командная работа"
"90","283","★3. Zamira_Concept Development of Nursing in Kyrgyzstan_RUS.pptx.pdf","244923","application/pdf","Концептуальное развитие сестринского дела в Кыргызской Республике: результаты исследования и формиро"
"92","286","1. 포럼영상_Видео_Реформы сестринского дела в Кыргызстане.mp4","63629219","video/mp4","1. 포럼영상_Видео_Реформы сестринского дела в Кыргызстане"
"94","288","2. 포럼영상_Видео_Роль семейной медсестры в сельской местности.mp4","85176890","video/mp4","2. 포럼영상_Видео_Роль семейной медсестры в сельской местности"
"95","289","3. 포럼영상_Видео_Клиническая медсестра нового типа.mp4","30234769","video/mp4","3. 포럼영상_Видео_Клиническая медсестра нового типа"
"96","290","4. 포럼영상_Видео_Развитие сестринского образования.mp4","41999673","video/mp4","4. 포럼영상_Видео_Развитие сестринского образования"
"97","291","5. 포럼영상_Видео_Научное развитие сестринского дела.mp4","52479951","video/mp4","5. 포럼영상_Видео_Научное развитие сестринского дела"
"98","292","6. 포럼영상_Видео_Профессиональное лидерство и сестринский форум.mp4","49324948","video/mp4","6. 포럼영상_Видео_Профессиональное лидерство и сестринский форум"
"99","293","da303a4eeec121fedef20434445c0dea0.mp4","25727966","video/mp4","7. 포럼영상_Видео_Сестринское дело — фундамент здоровья нации"
